;Bytes        |8080        |8085        |gbz80|r2k|r3k|z180|z80|z80n
00            |nop         |~           |     |   |   |    |   |    
              |            |            |     |   |   |    |   |    
01 %m %m      |ld bc, %m   |~           |     |   |   |    |   |    
              |lxi b, %m   |            |     |   |   |    |   |    
              |lxi bc, %m  |            |     |   |   |    |   |    
              |            |            |     |   |   |    |   |    
02            |ld (bc), a  |~           |     |   |   |    |   |    
              |stax b      |            |     |   |   |    |   |    
              |stax bc     |            |     |   |   |    |   |    
              |            |            |     |   |   |    |   |    
02; 03        |ld (bc+), a |~           |     |   |   |    |   |    
              |ldi (bc), a |            |     |   |   |    |   |    
              |            |            |     |   |   |    |   |    
02; 0B        |ld (bc-), a |~           |     |   |   |    |   |    
              |ldd (bc), a |            |     |   |   |    |   |    
              |            |            |     |   |   |    |   |    
03            |inc bc      |~           |     |   |   |    |   |    
              |inx b       |            |     |   |   |    |   |    
              |inx bc      |            |     |   |   |    |   |    
              |            |            |     |   |   |    |   |    
04            |inc b       |~           |     |   |   |    |   |    
              |inr b       |            |     |   |   |    |   |    
              |            |            |     |   |   |    |   |    
05            |dcr b       |~           |     |   |   |    |   |    
              |dec b       |            |     |   |   |    |   |    
              |            |            |     |   |   |    |   |    
06 %n         |ld b, %n    |~           |     |   |   |    |   |    
              |mvi b, %n   |            |     |   |   |    |   |    
              |            |            |     |   |   |    |   |    
07            |rlc         |~           |     |   |   |    |   |    
              |rlca        |            |     |   |   |    |   |    
              |            |            |     |   |   |    |   |    
08            |            |dsub        |     |   |   |    |   |    
              |            |sub hl, bc  |     |   |   |    |   |    
              |            |            |     |   |   |    |   |    
09            |add hl, bc  |~           |     |   |   |    |   |    
              |dad b       |            |     |   |   |    |   |    
              |dad bc      |            |     |   |   |    |   |    
              |            |            |     |   |   |    |   |    
0A            |ld a, (bc)  |~           |     |   |   |    |   |    
              |ldax b      |            |     |   |   |    |   |    
              |ldax bc     |            |     |   |   |    |   |    
              |            |            |     |   |   |    |   |    
0A; 03        |ld a, (bc+) |~           |     |   |   |    |   |    
              |ldi a, (bc) |            |     |   |   |    |   |    
              |            |            |     |   |   |    |   |    
0A; 0B        |ld a, (bc-) |~           |     |   |   |    |   |    
              |ldd a, (bc) |            |     |   |   |    |   |    
              |            |            |     |   |   |    |   |    
0B            |dcx b       |~           |     |   |   |    |   |    
              |dcx bc      |            |     |   |   |    |   |    
              |dec bc      |            |     |   |   |    |   |    
              |            |            |     |   |   |    |   |    
0C            |inc c       |~           |     |   |   |    |   |    
              |inr c       |            |     |   |   |    |   |    
              |            |            |     |   |   |    |   |    
0D            |dcr c       |~           |     |   |   |    |   |    
              |dec c       |            |     |   |   |    |   |    
              |            |            |     |   |   |    |   |    
0E %n         |ld c, %n    |~           |     |   |   |    |   |    
              |mvi c, %n   |            |     |   |   |    |   |    
              |            |            |     |   |   |    |   |    
0F            |rrc         |~           |     |   |   |    |   |    
              |rrca        |            |     |   |   |    |   |    
              |            |            |     |   |   |    |   |    
10            |            |arhl        |     |   |   |    |   |    
              |            |rrhl        |     |   |   |    |   |    
              |            |sra hl      |     |   |   |    |   |    
              |            |            |     |   |   |    |   |    
11 %m %m      |ld de, %m   |~           |     |   |   |    |   |    
              |lxi d, %m   |            |     |   |   |    |   |    
              |lxi de, %m  |            |     |   |   |    |   |    
              |            |            |     |   |   |    |   |    
12            |ld (de), a  |~           |     |   |   |    |   |    
              |stax d      |            |     |   |   |    |   |    
              |stax de     |            |     |   |   |    |   |    
              |            |            |     |   |   |    |   |    
12; 13        |ld (de+), a |~           |     |   |   |    |   |    
              |ldi (de), a |            |     |   |   |    |   |    
              |            |            |     |   |   |    |   |    
12; 1B        |ld (de-), a |~           |     |   |   |    |   |    
              |ldd (de), a |            |     |   |   |    |   |    
              |            |            |     |   |   |    |   |    
13            |inc de      |~           |     |   |   |    |   |    
              |inx d       |            |     |   |   |    |   |    
              |inx de      |            |     |   |   |    |   |    
              |            |            |     |   |   |    |   |    
14            |inc d       |~           |     |   |   |    |   |    
              |inr d       |            |     |   |   |    |   |    
              |            |            |     |   |   |    |   |    
15            |dcr d       |~           |     |   |   |    |   |    
              |dec d       |            |     |   |   |    |   |    
              |            |            |     |   |   |    |   |    
16 %n         |ld d, %n    |~           |     |   |   |    |   |    
              |mvi d, %n   |            |     |   |   |    |   |    
              |            |            |     |   |   |    |   |    
17            |ral         |~           |     |   |   |    |   |    
              |rla         |            |     |   |   |    |   |    
              |            |            |     |   |   |    |   |    
18            |            |rdel        |     |   |   |    |   |    
              |            |rl de       |     |   |   |    |   |    
              |            |rlde        |     |   |   |    |   |    
              |            |            |     |   |   |    |   |    
19            |add hl, de  |~           |     |   |   |    |   |    
              |dad d       |            |     |   |   |    |   |    
              |dad de      |            |     |   |   |    |   |    
              |            |            |     |   |   |    |   |    
1A            |ld a, (de)  |~           |     |   |   |    |   |    
              |ldax d      |            |     |   |   |    |   |    
              |ldax de     |            |     |   |   |    |   |    
              |            |            |     |   |   |    |   |    
1A; 13        |ld a, (de+) |~           |     |   |   |    |   |    
              |ldi a, (de) |            |     |   |   |    |   |    
              |            |            |     |   |   |    |   |    
1A; 1B        |ld a, (de-) |~           |     |   |   |    |   |    
              |ldd a, (de) |            |     |   |   |    |   |    
              |            |            |     |   |   |    |   |    
1B            |dcx d       |~           |     |   |   |    |   |    
              |dcx de      |            |     |   |   |    |   |    
              |dec de      |            |     |   |   |    |   |    
              |            |            |     |   |   |    |   |    
1C            |inc e       |~           |     |   |   |    |   |    
              |inr e       |            |     |   |   |    |   |    
              |            |            |     |   |   |    |   |    
1D            |dcr e       |~           |     |   |   |    |   |    
              |dec e       |            |     |   |   |    |   |    
              |            |            |     |   |   |    |   |    
1E %n         |ld e, %n    |~           |     |   |   |    |   |    
              |mvi e, %n   |            |     |   |   |    |   |    
              |            |            |     |   |   |    |   |    
1F            |rar         |~           |     |   |   |    |   |    
              |rra         |            |     |   |   |    |   |    
              |            |            |     |   |   |    |   |    
20            |            |rim         |     |   |   |    |   |    
              |            |            |     |   |   |    |   |    
21 %m %m      |ld hl, %m   |~           |     |   |   |    |   |    
              |lxi h, %m   |            |     |   |   |    |   |    
              |lxi hl, %m  |            |     |   |   |    |   |    
              |            |            |     |   |   |    |   |    
22 %m %m      |ld (%m), hl |~           |     |   |   |    |   |    
              |shld %m     |            |     |   |   |    |   |    
              |            |            |     |   |   |    |   |    
23            |inc hl      |~           |     |   |   |    |   |    
              |inx h       |            |     |   |   |    |   |    
              |inx hl      |            |     |   |   |    |   |    
              |            |            |     |   |   |    |   |    
24            |inc h       |~           |     |   |   |    |   |    
              |inr h       |            |     |   |   |    |   |    
              |            |            |     |   |   |    |   |    
25            |dcr h       |~           |     |   |   |    |   |    
              |dec h       |            |     |   |   |    |   |    
              |            |            |     |   |   |    |   |    
26 %n         |ld h, %n    |~           |     |   |   |    |   |    
              |mvi h, %n   |            |     |   |   |    |   |    
              |            |            |     |   |   |    |   |    
27            |daa         |~           |     |   |   |    |   |    
              |            |            |     |   |   |    |   |    
28 %n         |            |adi hl, %n  |     |   |   |    |   |    
              |            |ld de, hl+%n|     |   |   |    |   |    
              |            |ldhi %n     |     |   |   |    |   |    
              |            |            |     |   |   |    |   |    
29            |add hl, hl  |~           |     |   |   |    |   |    
              |dad h       |            |     |   |   |    |   |    
              |dad hl      |            |     |   |   |    |   |    
              |            |            |     |   |   |    |   |    
2A %m %m      |ld hl, (%m) |~           |     |   |   |    |   |    
              |lhld %m     |            |     |   |   |    |   |    
              |            |            |     |   |   |    |   |    
2B            |dcx h       |~           |     |   |   |    |   |    
              |dcx hl      |            |     |   |   |    |   |    
              |dec hl      |            |     |   |   |    |   |    
              |            |            |     |   |   |    |   |    
2C            |inc l       |~           |     |   |   |    |   |    
              |inr l       |            |     |   |   |    |   |    
              |            |            |     |   |   |    |   |    
2D            |dcr l       |~           |     |   |   |    |   |    
              |dec l       |            |     |   |   |    |   |    
              |            |            |     |   |   |    |   |    
2E %n         |ld l, %n    |~           |     |   |   |    |   |    
              |mvi l, %n   |            |     |   |   |    |   |    
              |            |            |     |   |   |    |   |    
2F            |cma         |~           |     |   |   |    |   |    
              |cpl         |            |     |   |   |    |   |    
              |            |            |     |   |   |    |   |    
30            |            |sim         |     |   |   |    |   |    
              |            |            |     |   |   |    |   |    
31 %m %m      |ld sp, %m   |~           |     |   |   |    |   |    
              |lxi sp, %m  |            |     |   |   |    |   |    
              |            |            |     |   |   |    |   |    
32 %m %m      |ld (%m), a  |~           |     |   |   |    |   |    
              |sta %m      |            |     |   |   |    |   |    
              |            |            |     |   |   |    |   |    
33            |inc sp      |~           |     |   |   |    |   |    
              |inx sp      |            |     |   |   |    |   |    
              |            |            |     |   |   |    |   |    
34            |inc (hl)    |~           |     |   |   |    |   |    
              |inr m       |            |     |   |   |    |   |    
              |            |            |     |   |   |    |   |    
34; 23        |inc (hl+)   |~           |     |   |   |    |   |    
              |            |            |     |   |   |    |   |    
34; 2B        |inc (hl-)   |~           |     |   |   |    |   |    
              |            |            |     |   |   |    |   |    
35            |dcr m       |~           |     |   |   |    |   |    
              |dec (hl)    |            |     |   |   |    |   |    
              |            |            |     |   |   |    |   |    
35; 23        |dec (hl+)   |~           |     |   |   |    |   |    
              |            |            |     |   |   |    |   |    
35; 2B        |dec (hl-)   |~           |     |   |   |    |   |    
              |            |            |     |   |   |    |   |    
36 %n         |ld (hl), %n |~           |     |   |   |    |   |    
              |mvi m, %n   |            |     |   |   |    |   |    
              |            |            |     |   |   |    |   |    
36 %n; 23     |ld (hl+), %n|~           |     |   |   |    |   |    
              |ldi (hl), %n|            |     |   |   |    |   |    
              |            |            |     |   |   |    |   |    
36 %n; 2B     |ld (hl-), %n|~           |     |   |   |    |   |    
              |ldd (hl), %n|            |     |   |   |    |   |    
              |            |            |     |   |   |    |   |    
37            |scf         |~           |     |   |   |    |   |    
              |stc         |            |     |   |   |    |   |    
              |            |            |     |   |   |    |   |    
38 %n         |            |adi sp, %n  |     |   |   |    |   |    
              |            |ld de, sp+%n|     |   |   |    |   |    
              |            |ldsi %n     |     |   |   |    |   |    
              |            |            |     |   |   |    |   |    
39            |add hl, sp  |~           |     |   |   |    |   |    
              |dad sp      |            |     |   |   |    |   |    
              |            |            |     |   |   |    |   |    
3A %m %m      |ld a, (%m)  |~           |     |   |   |    |   |    
              |lda %m      |            |     |   |   |    |   |    
              |            |            |     |   |   |    |   |    
3B            |dcx sp      |~           |     |   |   |    |   |    
              |dec sp      |            |     |   |   |    |   |    
              |            |            |     |   |   |    |   |    
3C            |inc a       |~           |     |   |   |    |   |    
              |inr a       |            |     |   |   |    |   |    
              |            |            |     |   |   |    |   |    
3D            |dcr a       |~           |     |   |   |    |   |    
              |dec a       |            |     |   |   |    |   |    
              |            |            |     |   |   |    |   |    
3E %n         |ld a, %n    |~           |     |   |   |    |   |    
              |mvi a, %n   |            |     |   |   |    |   |    
              |            |            |     |   |   |    |   |    
3F            |ccf         |~           |     |   |   |    |   |    
              |cmc         |            |     |   |   |    |   |    
              |            |            |     |   |   |    |   |    
40            |ld b, b     |~           |     |   |   |    |   |    
              |mov b, b    |            |     |   |   |    |   |    
              |            |            |     |   |   |    |   |    
40; 49        |ld bc, bc   |~           |     |   |   |    |   |    
              |            |            |     |   |   |    |   |    
41            |ld b, c     |~           |     |   |   |    |   |    
              |mov b, c    |            |     |   |   |    |   |    
              |            |            |     |   |   |    |   |    
42            |ld b, d     |~           |     |   |   |    |   |    
              |mov b, d    |            |     |   |   |    |   |    
              |            |            |     |   |   |    |   |    
42; 4B        |ld bc, de   |~           |     |   |   |    |   |    
              |            |            |     |   |   |    |   |    
43            |ld b, e     |~           |     |   |   |    |   |    
              |mov b, e    |            |     |   |   |    |   |    
              |            |            |     |   |   |    |   |    
44            |ld b, h     |~           |     |   |   |    |   |    
              |mov b, h    |            |     |   |   |    |   |    
              |            |            |     |   |   |    |   |    
44; 4D        |ld bc, hl   |~           |     |   |   |    |   |    
              |            |            |     |   |   |    |   |    
45            |ld b, l     |~           |     |   |   |    |   |    
              |mov b, l    |            |     |   |   |    |   |    
              |            |            |     |   |   |    |   |    
46            |ld b, (hl)  |~           |     |   |   |    |   |    
              |mov b, m    |            |     |   |   |    |   |    
              |            |            |     |   |   |    |   |    
46; 23        |ld b, (hl+) |~           |     |   |   |    |   |    
              |ldi b, (hl) |            |     |   |   |    |   |    
              |            |            |     |   |   |    |   |    
46; 2B        |ld b, (hl-) |~           |     |   |   |    |   |    
              |ldd b, (hl) |            |     |   |   |    |   |    
              |            |            |     |   |   |    |   |    
47            |ld b, a     |~           |     |   |   |    |   |    
              |mov b, a    |            |     |   |   |    |   |    
              |            |            |     |   |   |    |   |    
48            |ld c, b     |~           |     |   |   |    |   |    
              |mov c, b    |            |     |   |   |    |   |    
              |            |            |     |   |   |    |   |    
49            |ld c, c     |~           |     |   |   |    |   |    
              |mov c, c    |            |     |   |   |    |   |    
              |            |            |     |   |   |    |   |    
4A            |ld c, d     |~           |     |   |   |    |   |    
              |mov c, d    |            |     |   |   |    |   |    
              |            |            |     |   |   |    |   |    
4B            |ld c, e     |~           |     |   |   |    |   |    
              |mov c, e    |            |     |   |   |    |   |    
              |            |            |     |   |   |    |   |    
4C            |ld c, h     |~           |     |   |   |    |   |    
              |mov c, h    |            |     |   |   |    |   |    
              |            |            |     |   |   |    |   |    
4D            |ld c, l     |~           |     |   |   |    |   |    
              |mov c, l    |            |     |   |   |    |   |    
              |            |            |     |   |   |    |   |    
4E            |ld c, (hl)  |~           |     |   |   |    |   |    
              |mov c, m    |            |     |   |   |    |   |    
              |            |            |     |   |   |    |   |    
4E; 23        |ld c, (hl+) |~           |     |   |   |    |   |    
              |ldi c, (hl) |            |     |   |   |    |   |    
              |            |            |     |   |   |    |   |    
4E; 23; 46; 23|ld bc, (hl+)|~           |     |   |   |    |   |    
              |ldi bc, (hl)|            |     |   |   |    |   |    
              |            |            |     |   |   |    |   |    
4E; 23; 46; 2B|ld bc, (hl) |~           |     |   |   |    |   |    
              |            |            |     |   |   |    |   |    
4E; 2B        |ld c, (hl-) |~           |     |   |   |    |   |    
              |ldd c, (hl) |            |     |   |   |    |   |    
              |            |            |     |   |   |    |   |    
4F            |ld c, a     |~           |     |   |   |    |   |    
              |mov c, a    |            |     |   |   |    |   |    
              |            |            |     |   |   |    |   |    
50            |ld d, b     |~           |     |   |   |    |   |    
              |mov d, b    |            |     |   |   |    |   |    
              |            |            |     |   |   |    |   |    
50; 59        |ld de, bc   |~           |     |   |   |    |   |    
              |            |            |     |   |   |    |   |    
51            |ld d, c     |~           |     |   |   |    |   |    
              |mov d, c    |            |     |   |   |    |   |    
              |            |            |     |   |   |    |   |    
52            |ld d, d     |~           |     |   |   |    |   |    
              |mov d, d    |            |     |   |   |    |   |    
              |            |            |     |   |   |    |   |    
52; 5B        |ld de, de   |~           |     |   |   |    |   |    
              |            |            |     |   |   |    |   |    
53            |ld d, e     |~           |     |   |   |    |   |    
              |mov d, e    |            |     |   |   |    |   |    
              |            |            |     |   |   |    |   |    
54            |ld d, h     |~           |     |   |   |    |   |    
              |mov d, h    |            |     |   |   |    |   |    
              |            |            |     |   |   |    |   |    
54; 5D        |ld de, hl   |~           |     |   |   |    |   |    
              |            |            |     |   |   |    |   |    
55            |ld d, l     |~           |     |   |   |    |   |    
              |mov d, l    |            |     |   |   |    |   |    
              |            |            |     |   |   |    |   |    
56            |ld d, (hl)  |~           |     |   |   |    |   |    
              |mov d, m    |            |     |   |   |    |   |    
              |            |            |     |   |   |    |   |    
56; 23        |ld d, (hl+) |~           |     |   |   |    |   |    
              |ldi d, (hl) |            |     |   |   |    |   |    
              |            |            |     |   |   |    |   |    
56; 2B        |ld d, (hl-) |~           |     |   |   |    |   |    
              |ldd d, (hl) |            |     |   |   |    |   |    
              |            |            |     |   |   |    |   |    
57            |ld d, a     |~           |     |   |   |    |   |    
              |mov d, a    |            |     |   |   |    |   |    
              |            |            |     |   |   |    |   |    
58            |ld e, b     |~           |     |   |   |    |   |    
              |mov e, b    |            |     |   |   |    |   |    
              |            |            |     |   |   |    |   |    
59            |ld e, c     |~           |     |   |   |    |   |    
              |mov e, c    |            |     |   |   |    |   |    
              |            |            |     |   |   |    |   |    
5A            |ld e, d     |~           |     |   |   |    |   |    
              |mov e, d    |            |     |   |   |    |   |    
              |            |            |     |   |   |    |   |    
5B            |ld e, e     |~           |     |   |   |    |   |    
              |mov e, e    |            |     |   |   |    |   |    
              |            |            |     |   |   |    |   |    
5C            |ld e, h     |~           |     |   |   |    |   |    
              |mov e, h    |            |     |   |   |    |   |    
              |            |            |     |   |   |    |   |    
5D            |ld e, l     |~           |     |   |   |    |   |    
              |mov e, l    |            |     |   |   |    |   |    
              |            |            |     |   |   |    |   |    
5E            |ld e, (hl)  |~           |     |   |   |    |   |    
              |mov e, m    |            |     |   |   |    |   |    
              |            |            |     |   |   |    |   |    
5E; 23        |ld e, (hl+) |~           |     |   |   |    |   |    
              |ldi e, (hl) |            |     |   |   |    |   |    
              |            |            |     |   |   |    |   |    
5E; 23; 56; 23|ld de, (hl+)|~           |     |   |   |    |   |    
              |ldi de, (hl)|            |     |   |   |    |   |    
              |            |            |     |   |   |    |   |    
5E; 23; 56; 2B|ld de, (hl) |~           |     |   |   |    |   |    
              |            |            |     |   |   |    |   |    
5E; 2B        |ld e, (hl-) |~           |     |   |   |    |   |    
              |ldd e, (hl) |            |     |   |   |    |   |    
              |            |            |     |   |   |    |   |    
5F            |ld e, a     |~           |     |   |   |    |   |    
              |mov e, a    |            |     |   |   |    |   |    
              |            |            |     |   |   |    |   |    
60            |ld h, b     |~           |     |   |   |    |   |    
              |mov h, b    |            |     |   |   |    |   |    
              |            |            |     |   |   |    |   |    
60; 69        |ld hl, bc   |~           |     |   |   |    |   |    
              |            |            |     |   |   |    |   |    
61            |ld h, c     |~           |     |   |   |    |   |    
              |mov h, c    |            |     |   |   |    |   |    
              |            |            |     |   |   |    |   |    
62            |ld h, d     |~           |     |   |   |    |   |    
              |mov h, d    |            |     |   |   |    |   |    
              |            |            |     |   |   |    |   |    
62; 6B        |ld hl, de   |~           |     |   |   |    |   |    
              |            |            |     |   |   |    |   |    
63            |ld h, e     |~           |     |   |   |    |   |    
              |mov h, e    |            |     |   |   |    |   |    
              |            |            |     |   |   |    |   |    
64            |ld h, h     |~           |     |   |   |    |   |    
              |mov h, h    |            |     |   |   |    |   |    
              |            |            |     |   |   |    |   |    
64; 6D        |ld hl, hl   |~           |     |   |   |    |   |    
              |            |            |     |   |   |    |   |    
65            |ld h, l     |~           |     |   |   |    |   |    
              |mov h, l    |            |     |   |   |    |   |    
              |            |            |     |   |   |    |   |    
66            |ld h, (hl)  |~           |     |   |   |    |   |    
              |mov h, m    |            |     |   |   |    |   |    
              |            |            |     |   |   |    |   |    
66; 23        |ld h, (hl+) |~           |     |   |   |    |   |    
              |ldi h, (hl) |            |     |   |   |    |   |    
              |            |            |     |   |   |    |   |    
66; 2B        |ld h, (hl-) |~           |     |   |   |    |   |    
              |ldd h, (hl) |            |     |   |   |    |   |    
              |            |            |     |   |   |    |   |    
67            |ld h, a     |~           |     |   |   |    |   |    
              |mov h, a    |            |     |   |   |    |   |    
              |            |            |     |   |   |    |   |    
68            |ld l, b     |~           |     |   |   |    |   |    
              |mov l, b    |            |     |   |   |    |   |    
              |            |            |     |   |   |    |   |    
69            |ld l, c     |~           |     |   |   |    |   |    
              |mov l, c    |            |     |   |   |    |   |    
              |            |            |     |   |   |    |   |    
6A            |ld l, d     |~           |     |   |   |    |   |    
              |mov l, d    |            |     |   |   |    |   |    
              |            |            |     |   |   |    |   |    
6B            |ld l, e     |~           |     |   |   |    |   |    
              |mov l, e    |            |     |   |   |    |   |    
              |            |            |     |   |   |    |   |    
6C            |ld l, h     |~           |     |   |   |    |   |    
              |mov l, h    |            |     |   |   |    |   |    
              |            |            |     |   |   |    |   |    
6D            |ld l, l     |~           |     |   |   |    |   |    
              |mov l, l    |            |     |   |   |    |   |    
              |            |            |     |   |   |    |   |    
6E            |ld l, (hl)  |~           |     |   |   |    |   |    
              |mov l, m    |            |     |   |   |    |   |    
              |            |            |     |   |   |    |   |    
6E; 23        |ld l, (hl+) |~           |     |   |   |    |   |    
              |ldi l, (hl) |            |     |   |   |    |   |    
              |            |            |     |   |   |    |   |    
6E; 2B        |ld l, (hl-) |~           |     |   |   |    |   |    
              |ldd l, (hl) |            |     |   |   |    |   |    
              |            |            |     |   |   |    |   |    
6F            |ld l, a     |~           |     |   |   |    |   |    
              |mov l, a    |            |     |   |   |    |   |    
              |            |            |     |   |   |    |   |    
70            |ld (hl), b  |~           |     |   |   |    |   |    
              |mov m, b    |            |     |   |   |    |   |    
              |            |            |     |   |   |    |   |    
71            |ld (hl), c  |~           |     |   |   |    |   |    
              |mov m, c    |            |     |   |   |    |   |    
              |            |            |     |   |   |    |   |    
71; 23; 70; 23|ld (hl+), bc|~           |     |   |   |    |   |    
              |ldi (hl), bc|            |     |   |   |    |   |    
              |            |            |     |   |   |    |   |    
71; 23; 70; 2B|ld (hl), bc |~           |     |   |   |    |   |    
              |            |            |     |   |   |    |   |    
72            |ld (hl), d  |~           |     |   |   |    |   |    
              |mov m, d    |            |     |   |   |    |   |    
              |            |            |     |   |   |    |   |    
73            |ld (hl), e  |~           |     |   |   |    |   |    
              |mov m, e    |            |     |   |   |    |   |    
              |            |            |     |   |   |    |   |    
73; 23; 72; 23|ld (hl+), de|~           |     |   |   |    |   |    
              |ldi (hl), de|            |     |   |   |    |   |    
              |            |            |     |   |   |    |   |    
73; 23; 72; 2B|ld (hl), de |~           |     |   |   |    |   |    
              |            |            |     |   |   |    |   |    
74            |ld (hl), h  |~           |     |   |   |    |   |    
              |mov m, h    |            |     |   |   |    |   |    
              |            |            |     |   |   |    |   |    
75            |ld (hl), l  |~           |     |   |   |    |   |    
              |mov m, l    |            |     |   |   |    |   |    
              |            |            |     |   |   |    |   |    
76            |halt        |~           |     |   |   |    |   |    
              |hlt         |            |     |   |   |    |   |    
              |            |            |     |   |   |    |   |    
77            |ld (hl), a  |~           |     |   |   |    |   |    
              |mov m, a    |            |     |   |   |    |   |    
              |            |            |     |   |   |    |   |    
78            |ld a, b     |~           |     |   |   |    |   |    
              |mov a, b    |            |     |   |   |    |   |    
              |            |            |     |   |   |    |   |    
79            |ld a, c     |~           |     |   |   |    |   |    
              |mov a, c    |            |     |   |   |    |   |    
              |            |            |     |   |   |    |   |    
7A            |ld a, d     |~           |     |   |   |    |   |    
              |mov a, d    |            |     |   |   |    |   |    
              |            |            |     |   |   |    |   |    
7B            |ld a, e     |~           |     |   |   |    |   |    
              |mov a, e    |            |     |   |   |    |   |    
              |            |            |     |   |   |    |   |    
7C            |ld a, h     |~           |     |   |   |    |   |    
              |mov a, h    |            |     |   |   |    |   |    
              |            |            |     |   |   |    |   |    
7D            |ld a, l     |~           |     |   |   |    |   |    
              |mov a, l    |            |     |   |   |    |   |    
              |            |            |     |   |   |    |   |    
7E            |ld a, (hl)  |~           |     |   |   |    |   |    
              |mov a, m    |            |     |   |   |    |   |    
              |            |            |     |   |   |    |   |    
7E; 23        |ld a, (hl+) |~           |     |   |   |    |   |    
              |ldi a, (hl) |            |     |   |   |    |   |    
              |            |            |     |   |   |    |   |    
7E; 2B        |ld a, (hl-) |~           |     |   |   |    |   |    
              |ldd a, (hl) |            |     |   |   |    |   |    
              |            |            |     |   |   |    |   |    
7F            |ld a, a     |~           |     |   |   |    |   |    
              |mov a, a    |            |     |   |   |    |   |    
              |            |            |     |   |   |    |   |    
80            |add a, b    |~           |     |   |   |    |   |    
              |add b       |            |     |   |   |    |   |    
              |            |            |     |   |   |    |   |    
81            |add a, c    |~           |     |   |   |    |   |    
              |add c       |            |     |   |   |    |   |    
              |            |            |     |   |   |    |   |    
82            |add a, d    |~           |     |   |   |    |   |    
              |add d       |            |     |   |   |    |   |    
              |            |            |     |   |   |    |   |    
83            |add a, e    |~           |     |   |   |    |   |    
              |add e       |            |     |   |   |    |   |    
              |            |            |     |   |   |    |   |    
84            |add a, h    |~           |     |   |   |    |   |    
              |add h       |            |     |   |   |    |   |    
              |            |            |     |   |   |    |   |    
85            |add a, l    |~           |     |   |   |    |   |    
              |add l       |            |     |   |   |    |   |    
              |            |            |     |   |   |    |   |    
86            |add (hl)    |~           |     |   |   |    |   |    
              |add a, (hl) |            |     |   |   |    |   |    
              |add m       |            |     |   |   |    |   |    
              |            |            |     |   |   |    |   |    
86; 23        |add (hl+)   |~           |     |   |   |    |   |    
              |add a, (hl+)|            |     |   |   |    |   |    
              |            |            |     |   |   |    |   |    
86; 2B        |add (hl-)   |~           |     |   |   |    |   |    
              |add a, (hl-)|            |     |   |   |    |   |    
              |            |            |     |   |   |    |   |    
87            |add a       |~           |     |   |   |    |   |    
              |add a, a    |            |     |   |   |    |   |    
              |            |            |     |   |   |    |   |    
88            |adc a, b    |~           |     |   |   |    |   |    
              |adc b       |            |     |   |   |    |   |    
              |            |            |     |   |   |    |   |    
89            |adc a, c    |~           |     |   |   |    |   |    
              |adc c       |            |     |   |   |    |   |    
              |            |            |     |   |   |    |   |    
8A            |adc a, d    |~           |     |   |   |    |   |    
              |adc d       |            |     |   |   |    |   |    
              |            |            |     |   |   |    |   |    
8B            |adc a, e    |~           |     |   |   |    |   |    
              |adc e       |            |     |   |   |    |   |    
              |            |            |     |   |   |    |   |    
8C            |adc a, h    |~           |     |   |   |    |   |    
              |adc h       |            |     |   |   |    |   |    
              |            |            |     |   |   |    |   |    
8D            |adc a, l    |~           |     |   |   |    |   |    
              |adc l       |            |     |   |   |    |   |    
              |            |            |     |   |   |    |   |    
8E            |adc (hl)    |~           |     |   |   |    |   |    
              |adc a, (hl) |            |     |   |   |    |   |    
              |adc m       |            |     |   |   |    |   |    
              |            |            |     |   |   |    |   |    
8E; 23        |adc (hl+)   |~           |     |   |   |    |   |    
              |adc a, (hl+)|            |     |   |   |    |   |    
              |            |            |     |   |   |    |   |    
8E; 2B        |adc (hl-)   |~           |     |   |   |    |   |    
              |adc a, (hl-)|            |     |   |   |    |   |    
              |            |            |     |   |   |    |   |    
8F            |adc a       |~           |     |   |   |    |   |    
              |adc a, a    |            |     |   |   |    |   |    
              |            |            |     |   |   |    |   |    
90            |sub a, b    |~           |     |   |   |    |   |    
              |sub b       |            |     |   |   |    |   |    
              |            |            |     |   |   |    |   |    
91            |sub a, c    |~           |     |   |   |    |   |    
              |sub c       |            |     |   |   |    |   |    
              |            |            |     |   |   |    |   |    
92            |sub a, d    |~           |     |   |   |    |   |    
              |sub d       |            |     |   |   |    |   |    
              |            |            |     |   |   |    |   |    
93            |sub a, e    |~           |     |   |   |    |   |    
              |sub e       |            |     |   |   |    |   |    
              |            |            |     |   |   |    |   |    
94            |sub a, h    |~           |     |   |   |    |   |    
              |sub h       |            |     |   |   |    |   |    
              |            |            |     |   |   |    |   |    
95            |sub a, l    |~           |     |   |   |    |   |    
              |sub l       |            |     |   |   |    |   |    
              |            |            |     |   |   |    |   |    
96            |sub (hl)    |~           |     |   |   |    |   |    
              |sub a, (hl) |            |     |   |   |    |   |    
              |sub m       |            |     |   |   |    |   |    
              |            |            |     |   |   |    |   |    
96; 23        |sub (hl+)   |~           |     |   |   |    |   |    
              |sub a, (hl+)|            |     |   |   |    |   |    
              |            |            |     |   |   |    |   |    
96; 2B        |sub (hl-)   |~           |     |   |   |    |   |    
              |sub a, (hl-)|            |     |   |   |    |   |    
              |            |            |     |   |   |    |   |    
97            |sub a       |~           |     |   |   |    |   |    
              |sub a, a    |            |     |   |   |    |   |    
              |            |            |     |   |   |    |   |    
98            |sbb b       |~           |     |   |   |    |   |    
              |sbc a, b    |            |     |   |   |    |   |    
              |sbc b       |            |     |   |   |    |   |    
              |            |            |     |   |   |    |   |    
99            |sbb c       |~           |     |   |   |    |   |    
              |sbc a, c    |            |     |   |   |    |   |    
              |sbc c       |            |     |   |   |    |   |    
              |            |            |     |   |   |    |   |    
9A            |sbb d       |~           |     |   |   |    |   |    
              |sbc a, d    |            |     |   |   |    |   |    
              |sbc d       |            |     |   |   |    |   |    
              |            |            |     |   |   |    |   |    
9B            |sbb e       |~           |     |   |   |    |   |    
              |sbc a, e    |            |     |   |   |    |   |    
              |sbc e       |            |     |   |   |    |   |    
              |            |            |     |   |   |    |   |    
9C            |sbb h       |~           |     |   |   |    |   |    
              |sbc a, h    |            |     |   |   |    |   |    
              |sbc h       |            |     |   |   |    |   |    
              |            |            |     |   |   |    |   |    
9D            |sbb l       |~           |     |   |   |    |   |    
              |sbc a, l    |            |     |   |   |    |   |    
              |sbc l       |            |     |   |   |    |   |    
              |            |            |     |   |   |    |   |    
9E            |sbb m       |~           |     |   |   |    |   |    
              |sbc (hl)    |            |     |   |   |    |   |    
              |sbc a, (hl) |            |     |   |   |    |   |    
              |            |            |     |   |   |    |   |    
9E; 23        |sbc (hl+)   |~           |     |   |   |    |   |    
              |sbc a, (hl+)|            |     |   |   |    |   |    
              |            |            |     |   |   |    |   |    
9E; 2B        |sbc (hl-)   |~           |     |   |   |    |   |    
              |sbc a, (hl-)|            |     |   |   |    |   |    
              |            |            |     |   |   |    |   |    
9F            |sbb a       |~           |     |   |   |    |   |    
              |sbc a       |            |     |   |   |    |   |    
              |sbc a, a    |            |     |   |   |    |   |    
              |            |            |     |   |   |    |   |    
A0            |ana b       |~           |     |   |   |    |   |    
              |and a, b    |            |     |   |   |    |   |    
              |and b       |            |     |   |   |    |   |    
              |            |            |     |   |   |    |   |    
A1            |ana c       |~           |     |   |   |    |   |    
              |and a, c    |            |     |   |   |    |   |    
              |and c       |            |     |   |   |    |   |    
              |            |            |     |   |   |    |   |    
A2            |ana d       |~           |     |   |   |    |   |    
              |and a, d    |            |     |   |   |    |   |    
              |and d       |            |     |   |   |    |   |    
              |            |            |     |   |   |    |   |    
A3            |ana e       |~           |     |   |   |    |   |    
              |and a, e    |            |     |   |   |    |   |    
              |and e       |            |     |   |   |    |   |    
              |            |            |     |   |   |    |   |    
A4            |ana h       |~           |     |   |   |    |   |    
              |and a, h    |            |     |   |   |    |   |    
              |and h       |            |     |   |   |    |   |    
              |            |            |     |   |   |    |   |    
A5            |ana l       |~           |     |   |   |    |   |    
              |and a, l    |            |     |   |   |    |   |    
              |and l       |            |     |   |   |    |   |    
              |            |            |     |   |   |    |   |    
A6            |ana m       |~           |     |   |   |    |   |    
              |and (hl)    |            |     |   |   |    |   |    
              |and a, (hl) |            |     |   |   |    |   |    
              |            |            |     |   |   |    |   |    
A6; 23        |and (hl+)   |~           |     |   |   |    |   |    
              |and a, (hl+)|            |     |   |   |    |   |    
              |            |            |     |   |   |    |   |    
A6; 2B        |and (hl-)   |~           |     |   |   |    |   |    
              |and a, (hl-)|            |     |   |   |    |   |    
              |            |            |     |   |   |    |   |    
A7            |ana a       |~           |     |   |   |    |   |    
              |and a       |            |     |   |   |    |   |    
              |and a, a    |            |     |   |   |    |   |    
              |            |            |     |   |   |    |   |    
A8            |xor a, b    |~           |     |   |   |    |   |    
              |xor b       |            |     |   |   |    |   |    
              |xra b       |            |     |   |   |    |   |    
              |            |            |     |   |   |    |   |    
A9            |xor a, c    |~           |     |   |   |    |   |    
              |xor c       |            |     |   |   |    |   |    
              |xra c       |            |     |   |   |    |   |    
              |            |            |     |   |   |    |   |    
AA            |xor a, d    |~           |     |   |   |    |   |    
              |xor d       |            |     |   |   |    |   |    
              |xra d       |            |     |   |   |    |   |    
              |            |            |     |   |   |    |   |    
AB            |xor a, e    |~           |     |   |   |    |   |    
              |xor e       |            |     |   |   |    |   |    
              |xra e       |            |     |   |   |    |   |    
              |            |            |     |   |   |    |   |    
AC            |xor a, h    |~           |     |   |   |    |   |    
              |xor h       |            |     |   |   |    |   |    
              |xra h       |            |     |   |   |    |   |    
              |            |            |     |   |   |    |   |    
AD            |xor a, l    |~           |     |   |   |    |   |    
              |xor l       |            |     |   |   |    |   |    
              |xra l       |            |     |   |   |    |   |    
              |            |            |     |   |   |    |   |    
AE            |xor (hl)    |~           |     |   |   |    |   |    
              |xor a, (hl) |            |     |   |   |    |   |    
              |xra m       |            |     |   |   |    |   |    
              |            |            |     |   |   |    |   |    
AE; 23        |xor (hl+)   |~           |     |   |   |    |   |    
              |xor a, (hl+)|            |     |   |   |    |   |    
              |            |            |     |   |   |    |   |    
AE; 2B        |xor (hl-)   |~           |     |   |   |    |   |    
              |xor a, (hl-)|            |     |   |   |    |   |    
              |            |            |     |   |   |    |   |    
AF            |xor a       |~           |     |   |   |    |   |    
              |xor a, a    |            |     |   |   |    |   |    
              |xra a       |            |     |   |   |    |   |    
              |            |            |     |   |   |    |   |    
B0            |or a, b     |~           |     |   |   |    |   |    
              |or b        |            |     |   |   |    |   |    
              |ora b       |            |     |   |   |    |   |    
              |            |            |     |   |   |    |   |    
B1            |or a, c     |~           |     |   |   |    |   |    
              |or c        |            |     |   |   |    |   |    
              |ora c       |            |     |   |   |    |   |    
              |            |            |     |   |   |    |   |    
B2            |or a, d     |~           |     |   |   |    |   |    
              |or d        |            |     |   |   |    |   |    
              |ora d       |            |     |   |   |    |   |    
              |            |            |     |   |   |    |   |    
B3            |or a, e     |~           |     |   |   |    |   |    
              |or e        |            |     |   |   |    |   |    
              |ora e       |            |     |   |   |    |   |    
              |            |            |     |   |   |    |   |    
B4            |or a, h     |~           |     |   |   |    |   |    
              |or h        |            |     |   |   |    |   |    
              |ora h       |            |     |   |   |    |   |    
              |            |            |     |   |   |    |   |    
B5            |or a, l     |~           |     |   |   |    |   |    
              |or l        |            |     |   |   |    |   |    
              |ora l       |            |     |   |   |    |   |    
              |            |            |     |   |   |    |   |    
B6            |or (hl)     |~           |     |   |   |    |   |    
              |or a, (hl)  |            |     |   |   |    |   |    
              |ora m       |            |     |   |   |    |   |    
              |            |            |     |   |   |    |   |    
B6; 23        |or (hl+)    |~           |     |   |   |    |   |    
              |or a, (hl+) |            |     |   |   |    |   |    
              |            |            |     |   |   |    |   |    
B6; 2B        |or (hl-)    |~           |     |   |   |    |   |    
              |or a, (hl-) |            |     |   |   |    |   |    
              |            |            |     |   |   |    |   |    
B7            |or a        |~           |     |   |   |    |   |    
              |or a, a     |            |     |   |   |    |   |    
              |ora a       |            |     |   |   |    |   |    
              |            |            |     |   |   |    |   |    
B8            |cmp b       |~           |     |   |   |    |   |    
              |            |            |     |   |   |    |   |    
B9            |cmp c       |~           |     |   |   |    |   |    
              |            |            |     |   |   |    |   |    
BA            |cmp d       |~           |     |   |   |    |   |    
              |            |            |     |   |   |    |   |    
BB            |cmp e       |~           |     |   |   |    |   |    
              |            |            |     |   |   |    |   |    
BC            |cmp h       |~           |     |   |   |    |   |    
              |            |            |     |   |   |    |   |    
BD            |cmp l       |~           |     |   |   |    |   |    
              |            |            |     |   |   |    |   |    
BE            |cmp m       |~           |     |   |   |    |   |    
              |            |            |     |   |   |    |   |    
BF            |cmp a       |~           |     |   |   |    |   |    
              |            |            |     |   |   |    |   |    
C0            |ret nz      |~           |     |   |   |    |   |    
              |rnz         |            |     |   |   |    |   |    
              |            |            |     |   |   |    |   |    
C1            |pop b       |~           |     |   |   |    |   |    
              |pop bc      |            |     |   |   |    |   |    
              |            |            |     |   |   |    |   |    
C2 %m %m      |jnz %m      |~           |     |   |   |    |   |    
              |            |            |     |   |   |    |   |    
C3 %m %m      |jmp %m      |~           |     |   |   |    |   |    
              |            |            |     |   |   |    |   |    
C4 %m %m      |call nz, %m |~           |     |   |   |    |   |    
              |cnz %m      |            |     |   |   |    |   |    
              |            |            |     |   |   |    |   |    
C5            |push b      |~           |     |   |   |    |   |    
              |push bc     |            |     |   |   |    |   |    
              |            |            |     |   |   |    |   |    
C5; C9        |jp (bc)     |~           |     |   |   |    |   |    
              |            |            |     |   |   |    |   |    
C6 %n         |add %n      |~           |     |   |   |    |   |    
              |add a, %n   |            |     |   |   |    |   |    
              |adi %n      |            |     |   |   |    |   |    
              |            |            |     |   |   |    |   |    
C7            |rst 0       |~           |     |   |   |    |   |    
              |            |            |     |   |   |    |   |    
C8            |ret z       |~           |     |   |   |    |   |    
              |rz          |            |     |   |   |    |   |    
              |            |            |     |   |   |    |   |    
C9            |ret         |~           |     |   |   |    |   |    
              |            |            |     |   |   |    |   |    
CA %m %m      |jz %m       |~           |     |   |   |    |   |    
              |            |            |     |   |   |    |   |    
CB            |            |ovrst8      |     |   |   |    |   |    
              |            |rstv        |     |   |   |    |   |    
              |            |            |     |   |   |    |   |    
CC %m %m      |call z, %m  |~           |     |   |   |    |   |    
              |cz %m       |            |     |   |   |    |   |    
              |            |            |     |   |   |    |   |    
CD %m %m      |call %m     |~           |     |   |   |    |   |    
              |            |            |     |   |   |    |   |    
CE %n         |aci %n      |~           |     |   |   |    |   |    
              |adc %n      |            |     |   |   |    |   |    
              |adc a, %n   |            |     |   |   |    |   |    
              |            |            |     |   |   |    |   |    
CF            |rst 1       |~           |     |   |   |    |   |    
              |rst 8       |            |     |   |   |    |   |    
              |            |            |     |   |   |    |   |    
D0            |ret nc      |~           |     |   |   |    |   |    
              |rnc         |            |     |   |   |    |   |    
              |            |            |     |   |   |    |   |    
D1            |pop d       |~           |     |   |   |    |   |    
              |pop de      |            |     |   |   |    |   |    
              |            |            |     |   |   |    |   |    
D2 %m %m      |jnc %m      |~           |     |   |   |    |   |    
              |            |            |     |   |   |    |   |    
D3 %n         |out %n      |~           |     |   |   |    |   |    
              |out (%n), a |            |     |   |   |    |   |    
              |            |            |     |   |   |    |   |    
D4 %m %m      |call nc, %m |~           |     |   |   |    |   |    
              |cnc %m      |            |     |   |   |    |   |    
              |            |            |     |   |   |    |   |    
D5            |push d      |~           |     |   |   |    |   |    
              |push de     |            |     |   |   |    |   |    
              |            |            |     |   |   |    |   |    
D5; C9        |jp (de)     |~           |     |   |   |    |   |    
              |            |            |     |   |   |    |   |    
D6 %n         |sub %n      |~           |     |   |   |    |   |    
              |sub a, %n   |            |     |   |   |    |   |    
              |sui %n      |            |     |   |   |    |   |    
              |            |            |     |   |   |    |   |    
D7            |rst 16      |~           |     |   |   |    |   |    
              |rst 2       |            |     |   |   |    |   |    
              |            |            |     |   |   |    |   |    
D8            |rc          |~           |     |   |   |    |   |    
              |ret c       |            |     |   |   |    |   |    
              |            |            |     |   |   |    |   |    
D9            |            |ld (de), hl |     |   |   |    |   |    
              |            |shlde       |     |   |   |    |   |    
              |            |shlx        |     |   |   |    |   |    
              |            |            |     |   |   |    |   |    
DA %m %m      |jc %m       |~           |     |   |   |    |   |    
              |            |            |     |   |   |    |   |    
DB %n         |in %n       |~           |     |   |   |    |   |    
              |in a, (%n)  |            |     |   |   |    |   |    
              |            |            |     |   |   |    |   |    
DC %m %m      |call c, %m  |~           |     |   |   |    |   |    
              |cc %m       |            |     |   |   |    |   |    
              |            |            |     |   |   |    |   |    
DD %m %m      |            |jnk %m      |     |   |   |    |   |    
              |            |jnx5 %m     |     |   |   |    |   |    
              |            |            |     |   |   |    |   |    
DE %n         |sbc %n      |~           |     |   |   |    |   |    
              |sbc a, %n   |            |     |   |   |    |   |    
              |sbi %n      |            |     |   |   |    |   |    
              |            |            |     |   |   |    |   |    
DF            |rst 24      |~           |     |   |   |    |   |    
              |rst 3       |            |     |   |   |    |   |    
              |            |            |     |   |   |    |   |    
E0            |ret po      |~           |     |   |   |    |   |    
              |rpo         |            |     |   |   |    |   |    
              |            |            |     |   |   |    |   |    
E1            |pop h       |~           |     |   |   |    |   |    
              |pop hl      |            |     |   |   |    |   |    
              |            |            |     |   |   |    |   |    
E2 %m %m      |jpo %m      |~           |     |   |   |    |   |    
              |            |            |     |   |   |    |   |    
E3            |ex (sp), hl |~           |     |   |   |    |   |    
              |xthl        |            |     |   |   |    |   |    
              |            |            |     |   |   |    |   |    
E4 %m %m      |call po, %m |~           |     |   |   |    |   |    
              |cpo %m      |            |     |   |   |    |   |    
              |            |            |     |   |   |    |   |    
E5            |push h      |~           |     |   |   |    |   |    
              |push hl     |            |     |   |   |    |   |    
              |            |            |     |   |   |    |   |    
E6 %n         |and %n      |~           |     |   |   |    |   |    
              |and a, %n   |            |     |   |   |    |   |    
              |ani %n      |            |     |   |   |    |   |    
              |            |            |     |   |   |    |   |    
E7            |rst 32      |~           |     |   |   |    |   |    
              |rst 4       |            |     |   |   |    |   |    
              |            |            |     |   |   |    |   |    
E8            |ret pe      |~           |     |   |   |    |   |    
              |rpe         |            |     |   |   |    |   |    
              |            |            |     |   |   |    |   |    
E9            |jp (hl)     |~           |     |   |   |    |   |    
              |pchl        |            |     |   |   |    |   |    
              |            |            |     |   |   |    |   |    
EA %m %m      |jpe %m      |~           |     |   |   |    |   |    
              |            |            |     |   |   |    |   |    
EB            |ex de, hl   |~           |     |   |   |    |   |    
              |xchg        |            |     |   |   |    |   |    
              |            |            |     |   |   |    |   |    
EC %m %m      |call pe, %m |~           |     |   |   |    |   |    
              |cpe %m      |            |     |   |   |    |   |    
              |            |            |     |   |   |    |   |    
ED            |            |ld hl, (de) |     |   |   |    |   |    
              |            |lhlde       |     |   |   |    |   |    
              |            |lhlx        |     |   |   |    |   |    
              |            |            |     |   |   |    |   |    
EE %n         |xor %n      |~           |     |   |   |    |   |    
              |xor a, %n   |            |     |   |   |    |   |    
              |xri %n      |            |     |   |   |    |   |    
              |            |            |     |   |   |    |   |    
EF            |rst 40      |~           |     |   |   |    |   |    
              |rst 5       |            |     |   |   |    |   |    
              |            |            |     |   |   |    |   |    
F0            |ret p       |~           |     |   |   |    |   |    
              |rp          |            |     |   |   |    |   |    
              |            |            |     |   |   |    |   |    
F1            |pop af      |~           |     |   |   |    |   |    
              |pop psw     |            |     |   |   |    |   |    
              |            |            |     |   |   |    |   |    
F2 %m %m      |jp %m       |~           |     |   |   |    |   |    
              |            |            |     |   |   |    |   |    
F3            |di          |~           |     |   |   |    |   |    
              |            |            |     |   |   |    |   |    
F4 %m %m      |call p, %m  |~           |     |   |   |    |   |    
              |cp %m       |            |     |   |   |    |   |    
              |            |            |     |   |   |    |   |    
F5            |push af     |~           |     |   |   |    |   |    
              |push psw    |            |     |   |   |    |   |    
              |            |            |     |   |   |    |   |    
F6 %n         |or %n       |~           |     |   |   |    |   |    
              |or a, %n    |            |     |   |   |    |   |    
              |ori %n      |            |     |   |   |    |   |    
              |            |            |     |   |   |    |   |    
F7            |rst 48      |~           |     |   |   |    |   |    
              |rst 6       |            |     |   |   |    |   |    
              |            |            |     |   |   |    |   |    
F8            |ret m       |~           |     |   |   |    |   |    
              |rm          |            |     |   |   |    |   |    
              |            |            |     |   |   |    |   |    
F9            |ld sp, hl   |~           |     |   |   |    |   |    
              |sphl        |            |     |   |   |    |   |    
              |            |            |     |   |   |    |   |    
FA %m %m      |jm %m       |~           |     |   |   |    |   |    
              |            |            |     |   |   |    |   |    
FB            |ei          |~           |     |   |   |    |   |    
              |            |            |     |   |   |    |   |    
FC %m %m      |call m, %m  |~           |     |   |   |    |   |    
              |cm %m       |            |     |   |   |    |   |    
              |            |            |     |   |   |    |   |    
FD %m %m      |            |jk %m       |     |   |   |    |   |    
              |            |jx5 %m      |     |   |   |    |   |    
              |            |            |     |   |   |    |   |    
FE %n         |cpi %n      |~           |     |   |   |    |   |    
              |            |            |     |   |   |    |   |    
FF            |rst 56      |~           |     |   |   |    |   |    
              |rst 7       |            |     |   |   |    |   |    
              |            |            |     |   |   |    |   |    
